{
  "numTotalTestSuites": 1,
  "numPassedTestSuites": 0,
  "numFailedTestSuites": 1,
  "numPendingTestSuites": 0,
  "numTotalTests": 14,
  "numPassedTests": 14,
  "numFailedTests": 0,
  "numPendingTests": 0,
  "numTodoTests": 0,
  "startTime": 1720094515678,
  "success": false,
  "testResults": [
    {
      "assertionResults": [
        {
          "ancestorTitles": [
            ""
          ],
          "fullName": " Products sayfasında styled-components import edilmiş.",
          "status": "pending",
          "title": "Products sayfasında styled-components import edilmiş.",
          "failureMessages": []
        },
        {
          "ancestorTitles": [
            ""
          ],
          "fullName": " Products sayfasında styled-component olarak ProductCard oluşturulmuş ve kullanılmış.",
          "status": "pending",
          "title": "Products sayfasında styled-component olarak ProductCard oluşturulmuş ve kullanılmış.",
          "failureMessages": []
        },
        {
          "ancestorTitles": [
            ""
          ],
          "fullName": " Styled-component olarak Category oluşturulmuş ve kullanılmış.",
          "status": "pending",
          "title": "Styled-component olarak Category oluşturulmuş ve kullanılmış.",
          "failureMessages": []
        },
        {
          "ancestorTitles": [
            ""
          ],
          "fullName": " Styled-component olarak Image oluşturulmuş ve kullanılmış.",
          "status": "pending",
          "title": "Styled-component olarak Image oluşturulmuş ve kullanılmış.",
          "failureMessages": []
        },
        {
          "ancestorTitles": [
            ""
          ],
          "fullName": " Styled-component olarak PriceTag oluşturulmuş ve kullanılmış.",
          "status": "pending",
          "title": "Styled-component olarak PriceTag oluşturulmuş ve kullanılmış.",
          "failureMessages": []
        },
        {
          "ancestorTitles": [
            ""
          ],
          "fullName": " PriceTag'a ürün kategorisi category prop'u ile iletilmiş",
          "status": "pending",
          "title": "PriceTag'a ürün kategorisi category prop'u ile iletilmiş",
          "failureMessages": []
        },
        {
          "ancestorTitles": [
            ""
          ],
          "fullName": " PriceTag'da category prop'una göre renk dinamik olarak ayarlanmış",
          "status": "pending",
          "title": "PriceTag'da category prop'una göre renk dinamik olarak ayarlanmış",
          "failureMessages": []
        },
        {
          "ancestorTitles": [
            ""
          ],
          "fullName": " PriceTag'da hover eklenmiş",
          "status": "pending",
          "title": "PriceTag'da hover eklenmiş",
          "failureMessages": []
        },
        {
          "ancestorTitles": [
            ""
          ],
          "fullName": " Styled-component olarak Title oluşturulmuş ve kullanılmış.",
          "status": "pending",
          "title": "Styled-component olarak Title oluşturulmuş ve kullanılmış.",
          "failureMessages": []
        },
        {
          "ancestorTitles": [
            ""
          ],
          "fullName": " Styled-component olarak Description oluşturulmuş ve kullanılmış.",
          "status": "pending",
          "title": "Styled-component olarak Description oluşturulmuş ve kullanılmış.",
          "failureMessages": []
        },
        {
          "ancestorTitles": [
            ""
          ],
          "fullName": " getClassName fonksiyonu Products componentinden silinmiş",
          "status": "pending",
          "title": "getClassName fonksiyonu Products componentinden silinmiş",
          "failureMessages": []
        },
        {
          "ancestorTitles": [
            ""
          ],
          "fullName": " Product.css importu Products componentinden silinmiş",
          "status": "pending",
          "title": "Product.css importu Products componentinden silinmiş",
          "failureMessages": []
        },
        {
          "ancestorTitles": [
            ""
          ],
          "fullName": " Product componenti styled-components ile doğru şekilde render oluyor.",
          "status": "pending",
          "title": "Product componenti styled-components ile doğru şekilde render oluyor.",
          "failureMessages": []
        },
        {
          "ancestorTitles": [
            ""
          ],
          "fullName": " Styled componentler Products component fonksiyonun dışında tanımlanmış.",
          "status": "pending",
          "title": "Styled componentler Products component fonksiyonun dışında tanımlanmış.",
          "failureMessages": []
        }
      ],
      "startTime": 1720094515678,
      "endTime": 1720094515678,
      "status": "passed",
      "message": "Cannot read properties of undefined (reading 'category')",
      "name": "/home/projects/vitejs-vite-cw5eef/src/__tests__/index.test.jsx"
    }
  ]
}